Country;Happiness_Rank;Happiness_Score;Economy;Family;Life_Expectancy;Freedom;Government_Corruption;Generosity;Year;
Switzerland;1;7.587;139.651;134.951;0.94143;0.66557;0.41978;0.29678;2015;
Iceland;2;7.561;130.232;140.223;0.94784;0.62877;0.14145;3,029861111;2015;
Denmark;3;7.527;132.548;136.058;0.87464;0.64938;0.48357;0.34139;2015;
Norway;4;7.522;1.459;133.095;0.88521;0.66973;0.36503;0.34699;2015;
Canada;5;7.427;132.629;132.261;0.90563;0.63297;0.32957;0.45811;2015;
Finland;6;7.406;129.025;131.826;0.88911;0.64169;0.41372;0.23351;2015;
Netherlands;7;7.378;132.944;128.017;0.89284;0.61576;0.31814;3,30625;2015;
Sweden;8;7.364;133.171;128.907;0.91087;4,581944444;0.43844;0.36262;2015;
New Zealand;9;7.286;125.018;131.967;0.90837;0.63938;0.42922;0.47501;2015;
Australia;10;7.284;133.358;130.923;0.93156;0.65124;0.35637;0.43562;2015;
Israel;11;7.278;122.857;122.393;0.91387;0.41319;0.07785;0.33172;2015;
Costa Rica;12;7.226;0.95578;123.788;0.86027;0.63376;0.10583;0.25497;2015;
Austria;13;07.02;133.723;129.704;0.89042;0.62433;0.18676;0.33088;2015;
Mexico;14;7.187;102.054;0.91451;0.81444;0.48181;0.21312;0.14074;2015;
United States;15;7.119;139.451;124.711;0.86179;0.54604;1,103472222;0.40105;2015;
Brazil;16;6.983;0.98124;123.287;0.69702;0.49049;0.17521;0.14574;2015;
Luxembourg;17;6.946;156.391;121.963;0.91894;0.61583;0.37798;0.28034;2015;
Ireland;18;0,315277778;133.596;136.948;0.89533;0.61777;0.28703;0.45901;2015;
Belgium;19;6.937;130.782;128.566;0.89667;4,059027778;1,565277778;1,545138889;2015;
United Arab Emirates;20;6.901;142.727;112.575;0.80925;0.64157;0.38583;0.26428;2015;
United Kingdom;21;6.867;126.637;128.548;0.90943;0.59625;0.32067;0.51912;2015;
Oman;22;6.853;136.011;108.182;0.76276;0.63274;0.32524;0.21542;2015;
Venezuela;23;0,30625;104.424;125.596;0.72052;0.42908;0.11069;0.05841;2015;
Singapore;24;6.798;152.186;01.02;102.525;0.54252;3,417361111;0.31105;2015;
Panama;25;6.786;106.353;11.985;0.79661;3,764583333;0,64375;0.24434;2015;
Germany;26;0,302083333;132.792;129.937;0.89186;0.61477;0.21843;0.28214;2015;
Chile;27;0,296527778;110.715;112.447;0.85857;0.44132;0.12869;0.33363;2015;
Qatar;28;6.611;169.042;10.786;0.79733;4,447222222;0.52208;0.32573;2015;
France;29;6.575;127.778;126.038;0.94579;0.55011;0.20646;0.12332;2015;
Argentina;30;6.574;105.351;124.823;0.78723;0.44974;0.08484;0.11451;2015;
Czech Republic;31;6.505;117.898;120.643;0.84483;0.46364;0.02652;0.10686;2015;
Uruguay;32;6.485;106.166;12.089;5,636111111;0.60362;0.24558;1,613888889;2015;
Colombia;33;6.477;0.91861;124.018;0.69077;0.53466;0,355555556;0.18401;2015;
Thailand;34;6.455;6,714583333;126.504;5,128472222;0.55664;0.03187;4,002083333;2015;
Saudi Arabia;35;6.411;139.541;108.393;0.72025;0.31048;0.32524;0.13706;2015;
Spain;36;6.329;123.011;131.379;0.95562;0.45951;0.06398;0.18227;2015;
Malta;37;6.302;12.074;130.203;0.88721;0.60365;0.13586;0.51752;2015;
Taiwan;38;6.298;129.098;107.617;6,078472222;2,759722222;0.08129;0.25376;2015;
Kuwait;39;6.295;155.422;116.594;0.72492;0.55499;0.25609;0.16228;2015;
Suriname;40;6.269;0.99534;0,675;4,223611111;0.59657;0.13633;0.16991;2015;
Trinidad and Tobago;41;6.168;121.183;118.354;0.61483;0.55884;0,079166667;0.31844;2015;
El Salvador;42;06.13;0.76454;102.507;0.67737;2,802083333;0.11776;0.10692;2015;
Guatemala;43;6.123;0.74553;104.356;0.64425;0.57733;0.09472;0.27489;2015;
Uzbekistan;44;6.003;0.63244;134.043;0.59772;0.65821;0.30826;0.22837;2015;
Slovakia;45;5.995;116.891;126.999;0.78902;0.31751;0.03431;0.16893;2015;
Japan;46;5.987;127.074;125.712;0.99111;0.49615;1,254166667;0.10705;2015;
South Korea;47;5.984;124.461;0.95774;0.96538;0.33208;0.07857;0.18557;2015;
Ecuador;48;5.975;0.86402;0.99903;0.79075;0.48574;1,25625;0.11541;2015;
Bahrain;49;0,275;132.376;121.624;0.74716;0.45492;0,2125;0.17362;2015;
Italy;50;5.948;125.114;119.777;0.95446;0.26236;0.02901;0.22823;2015;
Bolivia;51;0,270138889;0.68133;0.97841;3,744444444;0.57414;0.088;0.20536;2015;
Moldova;52;5.889;0.59448;101.528;0.61826;0.32818;0.01615;0.20951;2015;
Paraguay;53;5.878;0.75985;130.477;0.66098;0.53899;0.08242;2,377777778;2015;
Kazakhstan;54;5.855;112.254;112.241;0.64368;0.51649;0.08454;0.11827;2015;
Slovenia;55;5.848;118.498;127.385;0.87337;0.60855;0.03787;0.25328;2015;
Lithuania;56;5.833;114.723;125.745;0.73128;0.21342;0.01031;0.02641;2015;
Nicaragua;57;5.828;0.59325;114.184;0.74314;0.55475;0.19317;0.27815;2015;
Peru;58;5.824;0.90019;0.97459;0.73017;0.41496;0.05989;0.14982;2015;
Belarus;59;5.813;103.192;123.289;0.73608;0.37938;1,325694444;0.11046;2015;
Poland;60;5.791;112.555;127.948;0.77903;0.53122;0.04212;0.16759;2015;
Malaysia;61;0,261805556;112.486;107.023;0.72394;0.53024;0.10501;0.33075;2015;
Croatia;62;5.759;108.254;0.79624;0.78805;0.25883;0,16875;0.05444;2015;
Libya;63;5.754;113.145;111.862;4,8875;0.41668;0.11023;0.18295;2015;
Russia;64;5.716;113.764;123.617;0.66926;0.36679;0.03005;0.00199;2015;
Jamaica;65;5.709;0.81038;115.102;0.68741;0.50442;0.02299;1,474305556;2015;
North Cyprus;66;5.695;120.806;107.008;0.92356;0.49027;0,991666667;0.26169;2015;
Cyprus;67;5.689;120.813;0.89318;0.92356;0.40672;0.06146;0.30638;2015;
Algeria;68;5.605;0.93929;107.772;0.61766;0.28579;0.17383;0.07822;2015;
Kosovo;69;5.589;0.80148;0.81198;0.63132;0.24749;0.04741;1,965972222;2015;
Turkmenistan;70;5.548;0.95847;122.668;0.53886;3,30625;0.30844;0.16979;2015;
Mauritius;71;5.477;100.761;0.98521;4,927083333;0.56066;0.07521;0.37744;2015;
Hong Kong;72;5.474;138.604;105.818;101.328;0.59608;0.37124;0.39478;2015;
Estonia;73;5.429;115.174;122.791;0.77361;0.44888;0.15184;0,602777778;2015;
Indonesia;74;5.399;0.82827;108.708;0.63793;0.46611;0;0.51535;2015;
Vietnam;75;05.36;0.63216;0.91226;0.74676;0.59444;0.10441;1,170833333;2015;
Turkey;76;5.332;106.098;0.94632;0.73172;0.22815;0.15746;0.12253;2015;
Kyrgyzstan;77;5.286;0.47428;115.115;0.65088;0.43477;0.04232;2,085416667;2015;
Nigeria;78;5.268;0.65435;0.90432;0.16007;0.34334;0,279861111;0.27233;2015;
Bhutan;79;5.253;0.77042;110.395;0.57407;0.53206;0.15445;0.47998;2015;
Azerbaijan;80;5.212;102.389;0.93793;0.64045;2,571527778;0.16065;0.07799;2015;
Pakistan;81;5.194;0.59543;0.41411;0.51466;0.12102;0.10464;0.33671;2015;
Jordan;82;5.192;0.90198;105.392;0.69639;0.40661;0.14293;0.11053;2015;
Montenegro;82;5.192;0.97438;0.90557;0.72521;1,268055556;0.14296;1,120833333;2015;
China;84;05.14;0.89012;0.94675;0.81658;0.51697;0.02781;0.08185;2015;
Zambia;85;5.129;0.47038;0.91612;0.29924;0.48827;0.12468;0.19591;2015;
Romania;86;5.124;104.345;0.88588;5,339583333;0.35068;0.00649;0.13748;2015;
Serbia;87;5.123;0.92053;100.964;0.74836;0.20107;0.02617;0.19231;2015;
Portugal;88;5.102;115.991;113.935;0.87519;0.51469;0.01078;0.13719;2015;
Latvia;89;5.098;111.312;109.562;0.72437;0.29671;0.06332;0.18226;2015;
Philippines;90;5.073;0.70532;103.516;0.58114;0.62545;0.12279;0.24991;2015;
Somaliland region;91;5.057;0.18847;0.95152;0.43873;0.46582;0.39928;0.50318;2015;
Morocco;92;5.013;0.73479;0.64095;0.60954;0.41691;0.08546;0.07172;2015;
Macedonia;93;5.007;0.91851;100.232;0.73545;0.33457;0.05327;0.22359;2015;
Mozambique;94;4.971;0.08308;102.626;0.09131;0.34037;0.15603;0.22269;2015;
Albania;95;4.959;0.87867;0.80434;0.81325;0.35733;0.06413;0.14272;2015;
Bosnia and Herzegovina;96;4.949;0.83223;0.91916;0.79081;0.09245;0.00227;0.24808;2015;
Lesotho;97;4.898;0.37545;104.103;0.07612;0.31767;0.12504;0.16388;2015;
Dominican Republic;98;4.885;0.89537;117.202;0.66825;0.57672;0.14234;0.21684;2015;
Laos;99;4.876;0.59066;0.73803;0.54909;0.59591;0.24249;0.42192;2015;
Mongolia;100;4.874;0.82819;13.006;0.60268;0.43626;0.02666;2,307638889;2015;
Swaziland;101;4.867;0.71206;107.284;0.07566;0.30658;0,2125;0.18259;2015;
Greece;102;4.857;115.406;0.92933;0.88213;0.07699;0.01397;0;2015;
Lebanon;103;4.839;102.564;0.80001;0.83947;0.33916;0.04582;0.21854;2015;
Hungary;104;04.08;112.094;120.215;0.75905;0.32112;0.02758;0,088888889;2015;
Honduras;105;4.788;0.59532;0.95348;4,827083333;0.40148;0.06825;0.23027;2015;
Tajikistan;106;4.786;0.39047;0.85563;0.57379;0.47216;0.15072;0.22974;2015;
Tunisia;107;4.739;0.88113;0.60429;0.73793;0.26268;0.06358;0.06431;2015;
Palestinian Territories;108;4.715;0.59867;0.92558;0.66015;0.24499;0.12905;0.11251;2015;
Bangladesh;109;4.694;0.39753;0.43106;0.60164;2,834722222;0.12569;0.21222;2015;
Iran;110;4.686;10.088;0.54447;0.69805;0.30033;0.05863;0.38086;2015;
Ukraine;111;4.681;0.79907;120.278;4,679861111;0.25123;0.02961;0.15275;2015;
Iraq;112;4.677;0.98549;0.81889;0.60237;0;0.13788;0.17922;2015;
South Africa;113;4.642;0.92049;118.468;0.27688;0.33207;0.08884;0.11973;2015;
Ghana;114;4.633;0.54558;0.67954;0.40132;0.42342;0.04355;0.23087;2015;
Zimbabwe;115;0,209027778;0,188194444;103.276;0.33475;0.25861;0.08079;0.18987;2015;
Liberia;116;4.571;0,494444444;0.78968;0.34201;0.28531;0.06232;0.24362;2015;
India;117;4.565;0.64499;0.38174;0.51529;0.39786;0.08492;0.26475;2015;
Sudan;118;04.55;0.52107;101.404;0.36878;0.10081;1,018055556;0.19062;2015;
Haiti;119;4.518;0.26673;0.74302;0.38847;0.24425;0.17175;0.46187;2015;
Congo (Kinshasa);120;4.517;0;10.012;0.09806;0.22605;0.07625;0.24834;2015;
Nepal;121;4.514;0.35997;0.86449;0.56874;0.38282;0.05907;0.32296;2015;
Ethiopia;122;4.512;0.19073;0.60406;0.44055;3,017361111;0.15048;0.24325;2015;
Sierra Leone;123;4.507;0.33024;0.95571;0;2,836111111;0.08786;0.21488;2015;
Mauritania;124;4.436;0.45407;0.86908;0.35874;0.24232;0.17461;0,152083333;2015;
Kenya;125;4.419;0.36471;0.99876;0.41435;0.42215;0.05839;0.37542;2015;
Djibouti;126;4.369;0.44025;0.59207;0.36291;0.46074;0.28105;0.18093;2015;
Armenia;127;04.35;0.76821;0.77711;5,06875;0.19847;0.039;0.07855;2015;
Botswana;128;4.332;0.99355;110.464;0.04776;0.49495;0.12474;0.10461;2015;
Myanmar;129;4.307;0.27108;0.70905;0.48246;0.44017;0.19034;0.79588;2015;
Georgia;130;4.297;5,152083333;0.38562;0.72926;0.40577;0.38331;0.05547;2015;
Malawi;131;4.292;0.01604;0.41134;0.22562;0.43054;0.06977;0.33128;2015;
Sri Lanka;132;4.271;0.83524;101.905;0.70806;0.53726;0.09179;0.40828;2015;
Cameroon;133;4.252;2,934027778;0.88767;0.23402;0.49309;0.05786;0.20618;2015;
Bulgaria;134;4.218;101.216;110.614;0.76649;0.30587;0.00872;0.11921;2015;
Egypt;135;4.194;6,123611111;0,51875;0.61712;0.17288;0.06324;0.11291;2015;
Yemen;136;4.077;0.54649;0.68093;0.40064;0.35571;0.07854;0.09131;2015;
Angola;137;4.033;0.75778;5,975;0.16683;0.10384;0.07122;0.12344;2015;
Mali;138;3.995;0.26074;103.526;0.20583;0.38857;0.12352;0.18798;2015;
Congo (Brazzaville);139;3.989;0.67866;4,603472222;0.31051;0.41466;0.11686;0.12388;2015;
Comoros;140;3.956;0.23906;0.79273;0.36315;0.22917;0,138194444;0.17441;2015;
Uganda;141;3.931;0.21102;113.299;0.33861;0.45727;0.07267;0.29066;2015;
Senegal;142;3.904;0.36498;0.97619;3,023611111;0.36772;0.10713;0.20843;2015;
Gabon;143;3.896;106.024;0.90528;0.43372;0.31914;0.11091;0.06822;2015;
Niger;144;3.845;0,481944444;0.77265;0.29707;0.47692;0.15639;0.19387;2015;
Cambodia;145;3.819;0.46038;0.62736;0.61114;0.66246;0.07247;0.40359;2015;
Tanzania;146;3.781;1,980555556;100.268;0.38215;0.32878;0.05747;0.34377;2015;
Madagascar;147;3.681;0.20824;0.66801;0.46721;0.19184;0.08124;0.21333;2015;
Central African Republic;148;3.678;0,545138889;0;0.06699;0.48879;0.08289;0.23835;2015;
Chad;149;3.667;0.34193;0.76062;1,042361111;0.23501;0.05269;0.18386;2015;
Guinea;150;3.656;0.17417;0.46475;0.24009;0.37725;0.12139;0.28657;2015;
Ivory Coast;151;3.655;0.46534;0.77115;0.15185;0.46866;0.17922;0.20165;2015;
Burkina Faso;152;3.587;0.25812;0.85188;0.27125;0.39493;0.12832;0.21747;2015;
Afghanistan;153;3.575;0.31982;0.30285;0.30335;0.23414;0.09719;2,535416667;2015;
Rwanda;154;3.465;0.22208;5,372916667;0.42864;0.59201;0.55191;0.22628;2015;
Benin;155;03.34;0.28665;0.35386;2,215972222;3,364583333;0,55625;1,268055556;2015;
Syria;156;3.006;4,605555556;0.47489;0.72193;0.15684;0.18906;0.47179;2015;
Burundi;157;2.905;0,10625;0.41587;0.22396;0,822916667;0.10062;0.19727;2015;
Togo;158;2.839;0.20868;0.13995;0.28443;0.36453;0.10731;0.16681;2015;
Denmark;1;7.526;144.178;116.374;0.79504;0.57941;0.44453;0.36171;2016;
Switzerland;2;7.509;152.733;114.524;0.86303;0.58557;0.41203;0.28083;2016;
Iceland;3;7.501;142.666;118.326;0.86733;0.56624;0.14975;0.47678;2016;
Norway;4;7.498;157.744;11.269;0.79579;0.59609;0.35776;0.37895;2016;
Finland;5;7.413;140.598;113.464;0.81091;0.57104;0.41004;0.25492;2016;
Canada;6;7.404;144.015;10.961;5,747222222;3,984027778;0.31329;0.44834;2016;
Netherlands;7;7.339;146.468;102.912;0.81231;0.55211;0.29927;0.47416;2016;
New Zealand;8;7.334;136.066;117.278;0.83096;0.58147;0.41904;0.49401;2016;
Australia;9;7.313;144.443;110.476;5,911111111;0.56837;0.32331;0.47407;2016;
Sweden;10;7.291;145.181;108.764;0.83121;0.58218;0.40867;0.38254;2016;
Israel;11;7.267;133.766;0.99537;0.84917;0.36432;0.08728;0.32288;2016;
Austria;12;7.119;145.038;108.383;0.80565;0.54355;0.21348;0.32865;2016;
United States;13;7.104;150.796;104.782;0,540972222;0.48163;0.14868;0.41077;2016;
Costa Rica;14;7.087;106.879;102.152;0.76146;0.55225;0.10547;0.22553;2016;
Puerto Rico;15;7.039;135.943;108.113;0.77758;0.46823;0.12275;0.22202;2016;
Germany;16;6.994;144.787;109.774;0.81487;0.53466;0.28551;0.30452;2016;
Brazil;17;6.952;108.754;103.938;0.61415;0.40425;0.14166;0.15776;2016;
Belgium;18;6.929;142.539;105.249;0.81959;0.51354;0.26248;1,683333333;2016;
Ireland;19;6.907;148.341;116.157;0.81455;0.54008;0.29754;0.44963;2016;
Luxembourg;20;6.871;169.752;103.999;0.84542;3,810416667;0.35329;0.27571;2016;
Mexico;21;6.778;111.508;4,9625;0.71143;0.37709;0.18355;0.11735;2016;
Singapore;22;6.739;164.555;0.86758;0.94719;3,386805556;0.46987;0.32706;2016;
United Kingdom;23;6.725;140.283;108.672;0.80991;0.50036;0.27399;0.50156;2016;
Chile;24;6.705;12.167;0.90587;0.81883;0.37789;0.11451;0.31595;2016;
Panama;25;6.701;118.306;0.98912;0.70835;0.48927;0.08423;1,679166667;2016;
Argentina;26;0,295138889;115.137;106.612;0.69711;0.42284;0.07296;0.10989;2016;
Czech Republic;27;6.596;130.915;100.793;0.76376;0.41418;0.03986;0.09929;2016;
United Arab Emirates;28;6.573;157.352;0.87114;0.72993;0.56215;0.35561;0.26591;2016;
Uruguay;29;6.545;118.157;103.143;0.72183;0.54388;0.21394;0.18056;2016;
Malta;30;6.488;130.782;109.879;0.80315;0.54994;0.17554;0.56237;2016;
Colombia;31;6.481;103.032;102.169;0.59659;0.44735;0.05399;0.15626;2016;
France;32;6.478;139.488;100.508;0.83795;0.46562;0.17808;0,844444444;2016;
Thailand;33;6.474;10.893;104.477;0.64915;0.49553;0.02833;0.58696;2016;
Saudi Arabia;34;6.379;148.953;0.84829;0.59267;0.37904;0.30008;0.15457;2016;
Taiwan;34;6.379;139.729;0.92624;0.79565;0.32377;0,460416667;0.25495;2016;
Qatar;36;6.375;182.427;0.87964;0.71723;0.56679;0.48049;0.32388;2016;
Spain;37;6.361;134.253;112.945;0.87896;0.37545;0.06137;0.17665;2016;
Algeria;38;6.355;105.266;0.83309;0.61804;0.21006;0.16157;0.07044;2016;
Guatemala;39;6.324;0.83454;0.87119;0.54039;0.50379;0.08701;0.28808;2016;
Suriname;40;6.269;109.686;0.77866;0.50933;0.52234;0.12692;0.16665;2016;
Kuwait;41;6.239;161.714;0.87758;0.63569;0.43166;0.23669;0.15965;2016;
Bahrain;42;6.218;144.024;0.94397;0.65696;0.47375;0.25772;0.17147;2016;
Trinidad and Tobago;43;6.168;132.572;0.98569;0.52608;0.48453;0.01241;0.31935;2016;
Venezuela;44;6.084;113.367;103.302;0.61904;0.19847;0.08304;0,295138889;2016;
Slovakia;45;6.078;127.973;108.268;0.70367;0.23391;0.02947;0.13837;2016;
El Salvador;46;6.068;6,067361111;0.80975;0,413888889;0.37269;0.10613;0.08877;2016;
Malaysia;47;6.005;125.142;0.88025;0.62366;0.39031;0.09081;0.41474;2016;
Nicaragua;48;5.992;0.69384;0.89521;0.65213;0.46582;0.16292;0.29773;2016;
Uzbekistan;49;5.987;0.73591;11.681;0.50163;0.60848;0.28333;0.34326;2016;
Italy;50;5.977;135.495;104.167;0.85102;0.18827;0.02556;0.16684;2016;
Ecuador;51;5.976;0.97306;0.85974;0.68613;2,796527778;0.18037;0.10074;2016;
Belize;52;5.956;0.87616;0.68655;0.45569;0.51231;0.10771;0.23684;2016;
Japan;53;5.921;138.007;106.054;0.91491;0.46761;0.18985;0.10224;2016;
Kazakhstan;54;5.919;122.943;0.95544;0.57386;2,813888889;0.11132;0.15011;2016;
Moldova;55;5.897;0.69177;0.83132;0.52309;0.25202;0.01903;0.19997;2016;
Russia;56;5.856;123.228;105.261;0.58991;0.32682;0.03586;0.02736;2016;
Poland;57;5.835;124.585;104.685;0.69058;3,138194444;0.055;0.14443;2016;
South Korea;57;5.835;135.948;0.72194;0.88645;0.25168;0.07716;0.18824;2016;
Bolivia;59;5.822;0.79422;0.83779;3,261805556;0.50961;0.07746;0.21698;2016;
Lithuania;60;5.813;12.692;106.411;0.64674;0.18929;0,126388889;0.02025;2016;
Belarus;61;5.802;113.062;104.993;0.63104;0.29091;0.17457;0.13942;2016;
North Cyprus;62;5.771;131.141;0.81826;0.84142;0.43596;0.16578;0.26322;2016;
Slovenia;63;5.768;129.947;105.613;0.79151;0.53164;0.03635;0.25738;2016;
Peru;64;5.743;0.99602;0.81255;0.62994;0.37502;0.05292;0.14527;2016;
Turkmenistan;65;5.658;108.017;103.817;0.44006;0.37408;0.28467;0.22567;2016;
Mauritius;66;5.648;114.372;0.75695;0.66189;0.46145;0.05203;0.36951;2016;
Libya;67;5.615;106.688;0.95076;0.52304;0.40672;0.10339;0.17087;2016;
Latvia;68;05.56;121.788;0.95025;0.63952;0.27996;0,617361111;0.17445;2016;
Cyprus;69;5.546;131.857;0.70697;5,894444444;0.29507;0.05228;0.27906;2016;
Paraguay;70;5.538;0.89373;111.111;0.58295;0.46235;0.07396;0.25296;2016;
Romania;71;5.528;11.697;0.72803;0.67602;0.36712;0.00679;0.12889;2016;
Estonia;72;5.517;127.964;105.163;0.68098;0.41511;0.18519;0.08423;2016;
Jamaica;73;05.51;0.89333;0.96372;0.59469;0.43597;0.04294;0.22245;2016;
Croatia;74;5.488;118.649;0.60809;0.70524;0.23907;0.04002;0.18434;2016;
Hong Kong;75;5.458;15.107;0.87021;0.95277;0.48079;0.31647;0.40097;2016;
Somalia;76;05.44;0;0.33613;0.11466;0.56778;2,165277778;0.27225;2016;
Kosovo;77;5.401;0.90145;0.66062;00.54;0.14396;0.06547;0.27992;2016;
Turkey;78;5.389;116.492;0.87717;0.64718;0.23889;0.12348;0.04707;2016;
Indonesia;79;5.314;0.95104;0.87625;0.49374;0.39237;0.00322;0.56521;2016;
Jordan;80;5.303;0.99673;0.86216;0.60712;0.36023;0.13297;0.14262;2016;
Azerbaijan;81;5.291;112.373;0.76042;0.54504;0.35327;0.17914;0,391666667;2016;
Philippines;82;5.279;0.81217;0.87877;0.47036;0.54854;0.11757;0.21674;2016;
China;83;5.245;10.278;0.79381;0.73561;0.44012;0.02745;0.04959;2016;
Bhutan;84;5.196;5,921527778;0.90836;0.49759;0.46074;1,122222222;0.48546;2016;
Kyrgyzstan;85;5.185;0.56044;0.95434;0.55449;0.40212;0.04762;0.38432;2016;
Serbia;86;5.177;103.437;0.81329;4,484722222;0.15718;0.04339;0.20737;2016;
Bosnia and Herzegovina;87;5.163;0.93383;0.64367;0.70766;0.09511;0;0.29889;2016;
Montenegro;88;5.161;107.838;0.74173;0.63533;0.15111;0.12721;0.17191;2016;
Dominican Republic;89;5.155;102.787;0.99496;0.57669;0.52259;0.12372;0.21286;2016;
Morocco;90;5.151;0.84058;0.38595;0.59471;0.25646;0.08404;0.04053;2016;
Hungary;91;5.145;124.142;0.93164;0.67608;1,372916667;0.04472;0.099;2016;
Pakistan;92;5.132;0.68816;0.26135;0.40306;0.14622;0,963888889;0.31185;2016;
Lebanon;93;5.129;112.268;0.64184;0.76171;0.26228;0.03061;0.23693;2016;
Portugal;94;5.123;127.607;0.94367;0.79363;0.44727;0.01521;0.11691;2016;
Macedonia;95;5.121;10.193;0.78236;0.64738;0.27668;0.07047;0.23507;2016;
Vietnam;96;5.061;0.74037;0.79117;0.66157;0.55954;0.11556;0.25075;2016;
Somaliland Region;97;5.057;0.25558;0.75862;0.33108;2,717361111;0.36794;0.51479;2016;
Tunisia;98;5.045;0.97724;0.43165;0.59577;0.23553;0,567361111;0.03936;2016;
Greece;99;5.033;124.886;0.75473;0.80029;0.05822;0.04127;0;2016;
Tajikistan;100;4.996;0.48835;0.75602;0.53119;0.43408;0.13509;0.25998;2016;
Mongolia;101;4.907;0.98853;108.983;0.55469;0.35972;0.03285;0.34539;2016;
Laos;102;4.876;0.68042;3,817361111;0.38291;0.52168;0.22423;0.43079;2016;
Nigeria;103;4.875;0.75216;0.64498;0.05108;0.27854;0,211805556;0.23219;2016;
Honduras;104;4.871;0.69429;0.75596;0.58383;0.26755;0.06906;1,419444444;2016;
Iran;105;4.813;111.758;0.38857;0.64232;0.22544;0,386805556;0.38538;2016;
Zambia;106;4.795;0.61202;4,427777778;0.23573;0.42662;0.11479;0.17866;2016;
Nepal;107;4.793;0.44626;0.69699;0.50073;0.37012;0.07008;2,65;2016;
Palestinian Territories;108;4.754;0.67024;0.71629;0.56844;0.17744;0.10613;0.11154;2016;
Albania;109;4.655;6,634027778;0.50163;0.73007;0.31866;0.05301;1,169444444;2016;
Bangladesh;110;4.643;0.54177;0.24749;0.52989;0.39778;0.12583;0.19132;2016;
Sierra Leone;111;4.635;0.36485;0,436111111;0;0.30685;0.08196;0.23897;2016;
Iraq;112;4.575;107.474;0.59205;0.51076;0.24856;0.13636;0.19589;2016;
Namibia;113;4.574;0.93287;0.70362;0.34745;0.48614;0.10398;0.07795;2016;
Cameroon;114;4.513;0.52497;0.62542;0.12698;0.42736;0.06126;1,575;2016;
Ethiopia;115;4.508;0.29283;0.37932;0.34578;0.36703;1,192361111;0.29522;2016;
South Africa;116;4.459;102.416;0.96053;0.18611;0.42483;0.08415;0.13656;2016;
Sri Lanka;117;4.415;0.97318;0.84783;0.62007;0.50817;0.07964;0.46978;2016;
India;118;4.404;0.74036;0.29247;0.45091;0.40285;0.08722;0.25028;2016;
Myanmar;119;4.395;0.34112;0.69981;2,769444444;0.42692;0.20243;0.81971;2016;
Egypt;120;4.362;0.95395;0.49813;0.52116;0.18847;0.10393;0.12706;2016;
Armenia;121;04.36;0.86086;0.62477;0.64083;0.14037;0.03616;0.07793;2016;
Kenya;122;4.356;0.52267;5,294444444;0.30147;0.40576;0.06686;0.41328;2016;
Ukraine;123;4.324;0.87287;101.413;0.58628;0.12859;0.01829;0.20363;2016;
Ghana;124;4.276;0.63107;0.49353;0.29681;0.40973;0,226388889;0.21203;2016;
Congo (Kinshasa);125;4.272;0.05661;0.80676;0,130555556;0.15602;0.06075;0.25458;2016;
Georgia;126;4.252;0.83792;0.19249;0.64035;0.32461;2,213888889;0.06786;2016;
Congo (Brazzaville);127;4.236;0.77109;0.47799;0.28212;0.37938;0.09753;0.12077;2016;
Senegal;128;4.219;0.44314;0.77416;0.40457;0.31056;0.11681;0.19103;2016;
Bulgaria;129;4.217;111.306;0.92542;0.67806;0.21219;0.00615;0.12793;2016;
Mauritania;130;4.201;0.61391;0.84142;0.28639;0,880555556;0.17955;0.22686;2016;
Zimbabwe;131;4.193;0.35041;0.71478;1,107638889;0.25429;0.08582;0.18503;2016;
Malawi;132;4.156;0.08709;0,102083333;0.29364;2,877083333;0.07564;0.30968;2016;
Sudan;133;4.139;0.63069;0.81928;0.29759;0;0.10039;0.18077;2016;
Gabon;134;4.121;115.851;0.72368;2,426388889;0.28098;0.09314;0.06244;2016;
Mali;135;4.073;0.31292;0.86333;0.16347;0.27544;0.13647;0.21064;2016;
Haiti;136;4.028;0.34097;0.29561;0.27494;0.12072;0.14476;0.47958;2016;
Botswana;137;3.974;109.426;0.89186;0.34752;0.44089;0.10769;0.12425;2016;
Comoros;138;3.956;0.27509;0.60323;0.29981;0.15412;0.18437;1,26875;2016;
Ivory Coast;139;3.916;0.55507;0.57576;0.04476;0.40663;1,078472222;0.20338;2016;
Cambodia;140;3.907;0.55604;3,732638889;0.42494;0.58852;0.08092;0.40339;2016;
Angola;141;3.866;0.84731;0.66366;0.04991;0.00589;0.08434;0.12071;2016;
Niger;142;3.856;0,921527778;4,203472222;0.26162;0.38041;0.17176;1,45625;2016;
South Sudan;143;3.832;0.39394;0.18519;0.15781;0.19662;0.13015;0.25899;2016;
Chad;144;3.763;0.42214;0.63178;0.03824;0.12807;0.04952;0.18667;2016;
Burkina Faso;145;3.739;0.31995;0.63054;0.21297;2,317361111;0.12533;0.24353;2016;
Uganda;145;3.739;0.34719;0.90981;0.19625;0.43653;0.06442;0.27102;2016;
Yemen;147;3.724;0.57939;0.47493;0.31048;1,588194444;0.05892;0.09821;2016;
Madagascar;148;3.695;0.27954;0.46115;0.37109;0.13684;0.07506;1,530555556;2016;
Tanzania;149;3.666;0.47155;0.77623;0,247916667;2,205555556;0.05099;0.31472;2016;
Liberia;150;3.622;0.10706;0.50353;0.23165;0.25748;0.04852;0.24063;2016;
Guinea;151;3.607;0.22415;2,159027778;0.18829;0.30953;0,827777778;0.29914;2016;
Rwanda;152;3.515;0.32846;0.61586;0.31865;3,772222222;0.50521;0.23552;2016;
Benin;153;3.484;0.39499;0.10419;0.21028;0.39747;0.06681;1,401388889;2016;
Afghanistan;154;03.36;0.38227;0.11037;0.17344;1,140972222;0.07112;0.31268;2016;
Togo;155;3.303;0.28123;0;0.24811;0.34678;0.11587;0.17517;2016;
Syria;156;3.069;0.74719;0.14866;0.62994;0.06912;0.17233;0.48397;2016;
Burundi;157;2.905;0.06831;0.23442;0.15747;0,3;0.09419;1,409027778;2016;
Norway;1;7.537.000.179;1.616.463.184;153.352.356;0.796666503;0.635422587;0.362012237;0.315963835;2017;
Denmark;2;7.521.999.836;1.482.383.013;1.551.121.593;0.792565525;0.626006722;0.355280489;0.400770068;2017;
Iceland;3;7.504.000.187;148.063.302;1.610.574.007;0.833552122;0.627162635;0.475540221;0.153526559;2017;
Switzerland;4;7.493.999.958;1.564.979.553;1.516.911.745;0.858131289;0.620070577;0.290549278;0.367007285;2017;
Finland;5;7.468.999.863;1.443.571.925;1.540.246.725;0.80915767;0.617950857;0.245482773;0.382611543;2017;
Netherlands;6;7.376.999.855;1.503.944.635;1.428.939.223;0.810696125;0.585384488;0.47048983;0.282661825;2017;
Canada;7;7.315.999.985;1.479.204.416;1.481.348.991;0.834557652;0.611100912;0.435539722;0.287371516;2017;
New Zealand;8;731.400.013;1.405.706.048;1.548.195.124;0.816759706;0.61406213;0.500005126;0.382816702;2017;
Sweden;9;728.399.992;1.494.387.269;1.478.162.169;0.830875158;0.612924099;0.385399252;0.384398729;2017;
Australia;10;728.399.992;1.484.414.935;1.510.041.952;0.843886793;0.601607382;0.47769925;0.30118373;2017;
Israel;11;7.212.999.821;1.375.382.423;1.376.289.964;0.838404;0.405988604;0.330082655;0.0852421;2017;
Costa Rica;12;7.078.999.996;1.109.706.283;1.416.403.651;0.759509265;0.58013165;0.214613229;0.100106589;2017;
Austria;13;7.006.000.042;1.487.097.263;1.459.944.963;0.815328419;0.56776619;0.316472322;0.221060365;2017;
United States;14;6.993.000.031;1.546.259.284;1.419.920.564;0.774286628;0.505740523;0.392578781;0.135638788;2017;
Ireland;15;6.977.000.237;1.535.706.639;1.558.231.115;0.809782624;0.573110342;0.427858323;0.298388153;2017;
Germany;16;6.951.000.214;1.487.923.384;1.472.520.351;0.798950732;0.562511384;0.33626917;0.276731938;2017;
Belgium;17;6.890.999.794;1.463.780.761;1.462.312.698;0.818091869;0.539770722;0.231503338;0.251343131;2017;
Luxembourg;18;6.862.999.916;1.741.943.598;1.457.583.666;0.845089495;0.596627891;0.283180982;0.318834424;2017;
United Kingdom;19;6.714.000.225;144.163.394;149.646.008;0.805335939;0.508190036;0.492774159;0.265428066;2017;
Chile;20;665.199.995;125.278.461;1.284.024.954;0.819479704;0.376895279;0.326662421;0.082287982;2017;
United Arab Emirates;21;6.647.999.763;1.626.343.369;1.266.410.232;0.726798236;0.60834527;0.360941947;0.324489564;2017;
Brazil;22;6.635.000.229;110.735.321;1.431.306.005;0.616552353;0.437453747;0.162349895;0.111092761;2017;
Czech Republic;23;6.609.000.206;1.352.682.352;1.433.885.217;0.754444003;0.490946174;0.088106759;0.036872927;2017;
Argentina;24;6.598.999.977;1.185.295.463;1.440.451.145;0.695137084;0.494519204;0.109457061;0.059739888;2017;
Mexico;25;6.578.000.069;1.153.183.818;121.086.216;0.709978998;0.412730008;0.120990433;0.132774115;2017;
Singapore;26;6.572.000.027;169.227.767;1.353.814.363;0.949492395;0.549840569;0.345965981;0.464307785;2017;
Malta;27;652.699.995;1.343.279.839;1.488.411.665;0.821944237;0.588767052;0.574730575;0.153066069;2017;
Uruguay;28;6.453.999.996;1.217.559.695;1.412.227.869;0.719216824;0.579392254;0.175096929;0.178061873;2017;
Guatemala;29;6.453.999.996;0.872001946;1.255.585.194;0.54023999;0.531310618;0.283488393;0.077223279;2017;
Panama;30;6.452.000.141;1.233.748.436;1.373.192.549;0.706156135;0.550026834;0.210556939;0.070983924;2017;
France;31;6.441.999.912;1.430.923.462;1.387.776.852;0.844465852;0.470222116;0.129762307;0.172502428;2017;
Thailand;32;6.423.999.786;1.127.868.772;1.425.792.456;0.647239029;0.580200732;0.57212311;0.031612735;2017;
Taiwan Province of China;33;6.421.999.931;1.433.626.533;1.384.565.353;0.793984234;0.361466587;0.258360475;0.063829236;2017;
Spain;34;6.402.999.878;1.384.397.864;1.532.090.902;0.8889606;0.40878123;0.190133572;0.070914097;2017;
Qatar;35;6.375;1.870.765.686;127.429.688;0.710098088;0.604130983;0.33047387;0.439299256;2017;
Colombia;36;6.356.999.874;1.070.622.325;1.402.182.937;0.595027924;0.477487415;0.149014473;0.046668742;2017;
Saudi Arabia;37;6.343.999.863;1.530.623.555;1.286.677.599;0.59014833;0.449750572;0.147616014;0.273432255;2017;
Trinidad and Tobago;38;6.168.000.221;1.361.355.901;1.380.228.519;0.519983292;0.518630743;0.325296462;0.008964816;2017;
Kuwait;39;6.105.000.019;1.632.952.452;1.259.698.749;0.632105708;0.496337593;0.228289798;0.21515955;2017;
Slovakia;40;609.800.005;1.325.393.558;1.505.059.242;0.712732911;0.295817465;0.136544481;0.024210852;2017;
Bahrain;41;6.086.999.893;1.488.412.261;1.323.110.461;0.653133035;0.536746919;0.172668487;0.25704217;2017;
Malaysia;42;6.084.000.111;129.121.542;1.284.646.034;0.618784428;0.402264982;0.41660893;0.065600708;2017;
Nicaragua;43;6.071.000.099;0.737299204;128.721.571;0.653095961;0.447551847;0.301674217;0.130687982;2017;
Ecuador;44;6.007.999.897;1.000.820.398;1.286.168.814;0.685636222;0.455198199;0.150112465;0.140134647;2017;
El Salvador;45;6.002.999.783;0.909784496;1.182.125.092;0.596018553;0.43245253;0.078257985;0.08998096;2017;
Poland;46;597.300.005;1.291.787.863;144.571.197;0.699475348;0.520342112;0.158465967;0.059307806;2017;
Uzbekistan;47;5.971.000.195;0.786441088;154.896.915;0.498272628;0.658248663;0.415983647;0.246528223;2017;
Italy;48;5.964.000.225;1.395.066.619;1.444.923.282;0.853144348;0.256450713;0.172789648;0.028028091;2017;
Russia;49;5.962.999.821;1.281.778.097;1.469.282.389;0.547349334;0.373783112;0.052263822;0.032962881;2017;
Belize;50;5.955.999.851;0.907975316;1.081.417.799;0.450191766;0.547509372;0.240015641;0.096581072;2017;
Japan;51;5.920.000.076;1.416.915.178;1.436.337.829;0.913475871;0.505625546;0.120572768;0.163760737;2017;
Lithuania;52;590.199.995;1.314.582.348;1.473.516.107;0.62894994;0.234231785;0.010164657;0.011865643;2017;
Algeria;53;5.872.000.217;1.091.864.467;1.146.217.465;0.617584646;0.233335808;0.069436647;0.14609611;2017;
Latvia;54;5.849.999.905;1.260.748.625;1.404.714.942;0.638566971;0.325707912;0.153074786;0.073842727;2017;
South Korea;55;5.837.999.821;1.401.678.443;1.128.274.441;0.900214076;0.257921666;0.206674367;0.063282669;2017;
Moldova;56;5.837.999.821;0.72887063;1.251.825.571;0.589465201;0.240729049;0.208779126;0.010091286;2017;
Romania;57;5.824.999.809;1.217.683.911;115.009.129;0.685158312;0.457003742;0.133519918;0.004387901;2017;
Bolivia;58;5.822.999.954;0.833756566;1.227.619.052;0.47363025;0.558732927;0.225560725;0.060477726;2017;
Turkmenistan;59;5.822.000.027;1.130.776.763;1.493.149.161;0.43772608;0.418271929;0.249924988;0.25927034;2017;
Kazakhstan;60;5.818.999.767;128.455.627;1.384.369.016;0.606041551;0.437454283;0.201964423;0.119282886;2017;
North Cyprus;61;5.809.999.943;1.346.911.311;1.186.303.377;0.834647238;0.471203625;0.266845703;0.155353352;2017;
Slovenia;62;5.757.999.897;1.341.205.955;1.452.518.821;0.790828228;0.572575808;0.242649093;0.045128979;2017;
Peru;63;5.715.000.153;1.035.225.272;1.218.770.385;0.630166113;0.450002879;0.126819715;0.047049087;2017;
Mauritius;64;5.629.000.187;1.189.395.547;120.956.099;0.638007462;0.491247326;0.360933751;0.042181555;2017;
Cyprus;65;5.620.999.813;1.355.938.077;1.131.363.273;0.844714701;0.355111539;0.271254301;0.041237976;2017;
Estonia;66;5.611.000.061;132.087.934;14.766.711;0.695168316;0.47913143;0.098890811;0.183248922;2017;
Belarus;67;5.568.999.767;115.655.756;1.444.945.216;0.637714267;0.295400262;0.155137509;0.156313822;2017;
Libya;68;5.525.000.095;1.101.803.064;135.756.433;0.52016902;0.46573323;0.152073666;0.09261021;2017;
Turkey;69;05.05;1.198.274.374;1.337.753.177;0.637605608;0.3007406;0.046693042;0.09967158;2017;
Paraguay;70;5.493.000.031;0.932537317;150.728.488;0.579250693;0.473507792;0.224150658;0.091065913;2017;
Hong Kong S.A.R.; China;71;5.472.000.122;1.551.674.843;1.262.790.918;0.943062425;0.490968645;0.374465793;0.293933749;2017
Philippines;72;5.429.999.828;0.857699215;1.253.917.575;0.468009055;0.585214674;0.193513423;0.099331893;2017;
Serbia;73;5.394.999.981;1.069.317.579;1.258.189.797;0.650784671;0.208715528;0.220125884;0.040903781;2017;
Jordan;74;5.335.999.966;0.991012394;1.239.088.893;0.604590058;0.418421149;0.17217046;0.119803272;2017;
Hungary;75;5.323.999.882;1.286.011.934;1.343.133.092;0.687763453;0.175863519;0.078401662;0.036636937;2017;
Jamaica;76;531.099.987;0.925579309;1.368.218.064;0.641022384;0.474307239;0.233818337;0.055267781;2017;
Croatia;77;5.293.000.221;1.222.556.233;0.967983007;0.701288521;0.255772293;0.248002976;0.04310311;2017;
Kosovo;78;5.278.999.805;0.951484382;1.137.853.503;0.54145205;0.260287941;0.319931448;0.057471618;2017;
China;79;5.272.999.763;1.081.165.791;1.160.837.412;0.741415501;0.472787708;0.028806841;0.022794275;2017;
Pakistan;80;5.269.000.053;0.726883531;0.67269069;0.402047783;0.235215262;0.315446019;0.124348067;2017;
Indonesia;81;5.262.000.084;0.995538592;1.274.444.699;0.492345721;0.443323463;0.611704588;0.015317135;2017;
Venezuela;82;05.25;1.128.431.201;1.431.337.595;0.617144227;0.153997123;0.06501963;0.064491123;2017;
Montenegro;83;5.236.999.989;1.121.129.036;1.238.376.498;0.667464674;0.194989055;0.197911024;0.088174194;2017;
Morocco;84;5.235.000.134;0.878114581;0.774864435;0.597710669;0.408158332;0.032209955;0.087763183;2017;
Azerbaijan;85;5.234.000.206;1.153.601.766;1.152.400.255;0.540775776;0.398155838;0.04526934;0.180987507;2017;
Dominican Republic;86;5.230.000.019;1.079.373.837;1.402.416.706;0.574873745;0.552589834;0.18696785;0.113945253;2017;
Greece;87;5.227.000.237;1.289.487.481;1.239.414.573;0.810198903;0.095731251;0;0.043289777;2017;
Lebanon;88;5.224.999.905;1.074.987.531;1.129.624.248;0.735081077;0.288515985;0.264450759;0.03751383;2017;
Portugal;89;5.195.000.172;1.315.175.295;1.367.043.018;0.795843542;0.4984653;0.095102713;0.015869452;2017;
Bosnia and Herzegovina;90;518.200.016;0.982409418;1.069.335.938;0.705186307;0.204403177;0.328867495;0;2017;
Honduras;91;5.181.000.233;0.730573118;1.143.944.979;0.58256948;0.34807986;0.236188874;0.073345453;2017;
Macedonia;92;5.175.000.191;1.064.577.937;1.207.893.014;0.644948184;0.325905979;0.253760964;0.060277794;2017;
Somalia;93;5.151.000.023;0.022643184;0.721151352;0.113989137;0.602126956;0.291631311;0.282410324;2017;
Vietnam;94;5.073.999.882;0.788547575;1.277.491.331;0.652168989;0.571055591;0.234968051;0.087633237;2017;
Nigeria;95;5.073.999.882;0.783756256;1.215.770.483;0.05691573;0.394952565;0.230947196;0.026121566;2017;
Tajikistan;96;5.040.999.889;0.524713635;1.271.463.275;0.529235125;0.471566707;0.248997644;0.146377146;2017;
Bhutan;97;5.011.000.156;0.885416389;1.340.126.514;0.495879292;0.501537681;0.474054545;0.17338039;2017;
Kyrgyzstan;98;5.004.000.187;0.596220076;1.394.238.591;0.553457797;0.454943389;0.428580374;0.039439179;2017;
Nepal;99;4.961.999.893;0.479820192;1.179.283.261;0.504130781;0.440305948;0.394096166;0.072975546;2017;
Mongolia;100;4.954.999.924;1.027.235.866;1.493.011.236;0.557783484;0.394143969;0.33846423;0.032902289;2017;
South Africa;101;4.828.999.996;1.054.698.706;1.384.788.632;0.18708007;0.479246736;0.13936238;0.072509497;2017;
Tunisia;102;4.804.999.828;1.007.265.806;0.86835146;0.613212049;0.28968069;0.049693357;0.086723149;2017;
Palestinian Territories;103;4.775.000.095;0.716249228;1.155.647.159;0.565666974;0.254711062;0.114173174;0.089282602;2017;
Egypt;104;4.735.000.134;0.989701807;0.997471392;0.520187259;0.282110155;0.128631443;0.114381365;2017;
Bulgaria;105;4.714.000.225;1.161.459.088;1.434.379.458;0.70821768;0.289231718;0.113177694;0.011051531;2017;
Sierra Leone;106;4.709.000.111;0.368420929;0.984136045;0.005564754;0.318697691;0.293040901;0.071095176;2017;
Cameroon;107;4.695.000.172;0.564305365;0.946018219;0.132892117;0.430388749;0.236298457;0.051306631;2017;
Iran;108;4.691.999.912;1.156.873.107;0.711551249;0.639333189;0.249322608;0.387242913;0.048761073;2017;
Albania;109;4.644.000.053;0.996192753;0.803685248;0.731159747;0.381498635;0.201312944;0.039864216;2017;
Bangladesh;110;4.607.999.802;0.586682975;0.735131741;0.533241034;0.478356659;0.172255352;0.123717859;2017;
Namibia;111;4.573.999.882;0.964434326;1.098.470.807;0.338611811;0.520303547;0.077133745;0.093146972;2017;
Kenya;112;4.552.999.973;0.560479462;1.067.950.726;0.30998835;0.452763766;0.444860309;0.064641319;2017;
Mozambique;113;4.550.000.191;0.23430565;0.870701015;0.106654435;0.480791092;0.322228104;0.179436386;2017;
Myanmar;114;4.545.000.076;0.36711055;1.123.235.941;0.397522569;0.514492035;0.838075161;0.188816205;2017;
Senegal;115;4.534.999.847;0.479309022;1.179.691.911;0.409362853;0.377922267;0.183468893;0.115460448;2017;
Zambia;116;4.513.999.939;0.636406779;1.003.187.299;0.257835895;0.461603492;0.249580145;0.07821355;2017;
Iraq;117;4.497.000.217;1.102.710.485;0.978613198;0.50118047;0.288555533;0.199637264;0.107215755;2017;
Gabon;118;4.465.000.153;1.198.210.239;1.155.620.217;0.356578588;0.312328577;0.043785378;0.076046787;2017;
Ethiopia;119;4.460.000.038;0.339233845;0.864669204;0.353409708;0.408842742;0.31265074;0.165455714;2017;
Sri Lanka;120;4.440.000.057;1.009.850.144;1.259.976.387;0.625130832;0.561213255;0.490863562;0.073653966;2017;
Armenia;121;4.375.999.928;0.900596738;1.007.483.721;0.637524426;0.198303267;0.083488092;0.026674422;2017;
India;122;4.315.000.057;0.792221248;0.754372597;0.455427617;0.469987005;0.231538489;0.092226885;2017;
Mauritania;123;4.291.999.817;0.648457289;127.203.083;0.28534928;0.096098043;0.201870024;0.136957005;2017;
Congo (Brazzaville);124;4.290.999.889;0.808964252;0.832044363;0.289957434;0.435025871;0.120852128;0.079618134;2017;
Georgia;125;4.285.999.775;0.950612664;0.570614934;0.649546981;0.309410036;0.054008815;0.251666635;2017;
Congo (Kinshasa);126;428.000.021;0.092102349;1.229.023.457;0.191407025;0.235961348;0.246455833;0.060241356;2017;
Mali;127;4.190.000.057;0.476180494;1.281.473.398;0.169365674;0.306613743;0.183354199;0.104970247;2017;
Ivory Coast;128;4.179.999.828;0.603048921;0.90478003;0.04864217;0.447706193;0.20123747;0.130061775;2017;
Cambodia;129;4.168.000.221;0.601765096;1.006.238.341;0.429783404;0.633375823;0.385922968;0.068105951;2017;
Sudan;130;4.138.999.939;0.659516692;121.400.857;0.290920824;0.014995855;0.182317451;0.08984752;2017;
Ghana;131;4.119.999.886;0.667224824;0.873664737;0.295637727;0.423026294;0.256923944;0.02533637;2017;
Ukraine;132;4.096.000.195;0.894651949;1.394.537.568;0.575903952;0.122974776;0.270061463;0.023029471;2017;
Uganda;133;4.080.999.851;0.381430715;1.129.827.738;0.217632607;0.443185955;0.325766057;0.057069719;2017;
Burkina Faso;134;4.032.000.065;0.350227714;1.043.280.005;0.215844259;0.324367851;0.250864685;0.120328106;2017;
Niger;135;4.027.999.878;0.161925331;0.993025005;0.268505007;0.363658696;0.228673846;0.138572946;2017;
Malawi;136;3.970.000.029;0.233442038;0.512568831;0.315089583;0.466914654;0.28717047;0.072711654;2017;
Chad;137;3.936.000.109;0.438012987;0.953855872;0.041134715;0.162342027;0.21611385;0.053581882;2017;
Zimbabwe;138;3.875;0.375846535;1.083.095.908;0.196763754;0.336384207;0.189143494;0.095375381;2017;
Lesotho;139;3.808.000.088;0.521021247;1.190.095.186;0;0.390661299;0.157497272;0.11909464;2017;
Angola;140;3.795.000.076;0.85842818;110.441.196;0.049868666;0;0.09792649;0.069720335;2017;
Afghanistan;141;379.399.991;0.401477218;0.581543326;0.180746779;0.10617952;0.311870933;0.06115783;2017;
Botswana;142;3.766.000.032;1.122.094.154;1.221.554.995;0.341755509;0.505196333;0.099348448;0.098583199;2017;
Benin;143;3.657.000.065;0.431085408;0.435299844;0.209930211;0.425962776;0.207948461;0.060929015;2017;
Madagascar;144;3.644.000.053;0.305808693;0.913020372;0.375223309;0.189196765;0.20873253;0.067231975;2017;
Haiti;145;3.602.999.926;0.368610263;0.640449822;0.27732113;0.030369857;0.489203781;0.09987215;2017;
Yemen;146;3.592.999.935;0.591683447;0.935382247;0.310080916;0.249463722;0.104125209;0.056767423;2017;
South Sudan;147;359.100.008;0.397248626;0.601323128;0.163486004;0.147062436;0.285670817;0.116793513;2017;
Liberia;148;3.532.999.992;0.119041793;0.872117937;0.229918197;0.332881182;0.266549885;0.038948249;2017;
Guinea;149;3.506.999.969;0.24454993;0.791244686;0.194129139;0.348587513;0.264815092;0.110937618;2017;
Togo;150;3.494.999.886;0.305444717;0.43188253;0.247105569;0.380426139;0.196896151;0.095665015;2017;
Rwanda;151;3.470.999.956;0.368745893;0.945707023;0.326424807;0.581843853;0.252756029;0.455220014;2017;
Syria;152;3.461.999.893;0.777153134;0.396102607;0.500533342;0.081539445;0.493663728;0.151347131;2017;
Tanzania;153;3.348.999.977;0.511135876;1.041.989.803;0.364509284;0.390017778;0.354256362;0.066035107;2017;
Burundi;154;2.904.999.971;0.091622569;0.629793584;0.151610792;0.059900753;0.204435185;0.084147945;2017;
Central African Republic;155;2.693.000.078;0;0;0.018772686;0.270842046;0.280876487;0.056565076;2017;
Finland;1;7.632;1.305;1.592;0,606944444;0,472916667;0,140277778;0,272916667;2018;
Norway;2;7.594;1.456;1.582;0,597916667;0,476388889;0,198611111;00.34;2018;
Denmark;3;7.555;1.351;01.59;0,602777778;0,474305556;0,197222222;0,283333333;2018;
Iceland;4;7.495;1.343;1.644;0,634722222;0,470138889;0,245138889;0,095833333;2018;
Switzerland;5;7.487;01.42;1.549;0,64375;0,045833333;0,177777778;0,247916667;2018;
Netherlands;6;7.441;1.361;1.488;0,609722222;0,443055556;0,23125;0,204861111;2018;
Canada;7;7.328;01.33;1.532;0,622222222;0,453472222;0,222916667;0,202083333;2018;
New Zealand;8;7.324;1.268;1.601;0,608333333;0,464583333;0,253472222;0,270138889;2018;
Sweden;9;7.314;1.355;1.501;0,634027778;0,457638889;0,197916667;0,265972222;2018;
Australia;10;7.272;01.34;1.573;0,063194444;0,449305556;0,250694444;0,209722222;2018;
United Kingdom;11;07.19;1.244;1.433;0,616666667;0,322222222;0,181944444;0.082;2018;
Austria;12;7.139;1.341;1.504;0,61875;0,428472222;0,168055556;0,155555556;2018;
Costa Rica;13;7.072;01.01;1.459;0,567361111;0,438888889;0,099305556;0,070138889;2018;
Ireland;14;6.977;1.448;1.583;0,608333333;0,426388889;0,213194444;0,2125;2018;
Germany;15;6.965;01.34;1.474;0,597916667;0,406944444;0,189583333;00.28;2018;
Belgium;16;6.927;1.324;1.483;0,620833333;0,404861111;0,130555556;00.24;2018;
Luxembourg;17;0,313194444;1.576;01.52;0,622222222;0,438888889;0,136111111;0,222916667;2018;
United States;18;6.886;1.398;1.471;0,56875;0,379861111;0,202083333;0,092361111;2018;
Israel;19;6.814;1.301;1.559;0,613194444;0,370138889;0,245833333;0,188888889;2018;
United Arab Emirates;20;6.774;2.096;0,538888889;0,046527778;0,197222222;0,129166667;N/A;2018;
Czech Republic;21;6.711;1.233;1.489;0,593055556;0,377083333;0.064;0.034;2018;
Malta;22;6.627;01.27;1.525;0,613888889;0,447916667;0,261111111;0,098611111;2018;
France;23;6.489;1.293;1.466;0,630555556;00.52;0.098;0,122222222;2018;
Mexico;24;6.488;1.038;1.252;0,528472222;0,332638889;0.069;0.095;2018;
Chile;25;6.476;1.131;1.331;0,561111111;0,299305556;0,136805556;0.061;2018;
Taiwan;26;6.441;1.365;1.436;0,595138889;0,290277778;0,104861111;0.078;2018;
Panama;27;06.43;1.112;1.438;0,527083333;0,414583333;0,086805556;0.063;2018;
Brazil;28;6.419;0,684722222;1.474;0,46875;0,342361111;00.11;0.088;2018;
Argentina;29;6.388;1.073;1.468;0,516666667;00.57;0.062;0.054;2018;
Guatemala;30;6.382;0,542361111;1.268;0,422222222;0,419444444;0,124305556;0.071;2018;
Uruguay;31;6.379;1.093;1.459;0,535416667;0,434027778;00.13;0,107638889;2018;
Qatar;32;6.374;1.649;1.303;0,519444444;0,454166667;0,177777778;0,11875;2018;
Saudi Arabia;33;6.371;1.379;1.331;0,439583333;0,353472222;0.098;0,088194444;2018;
Singapore;34;6.343;1.529;1.451;1.008;0,438194444;0,18125;0,317361111;2018;
Malaysia;35;6.322;1.161;1.258;0,464583333;0,247222222;0,215972222;0.059;2018;
Spain;36;06.31;1.251;1.538;0,670138889;0,311805556;0,098611111;0.074;2018;
Colombia;37;06.26;0,066666667;1.439;0,440972222;0,36875;0.099;0.039;2018;
Trinidad & Tobago;38;6.192;1.223;1.492;0,391666667;0,399305556;0,11875;0.019;2018;
Slovakia;39;6.173;01.21;1.537;0,538888889;0,245833333;0,081944444;0.014;2018;
El Salvador;40;6.167;0,559722222;1.231;0,44375;0,320138889;0.065;0.082;2018;
Nicaragua;41;6.141;0,463888889;1.319;00.07;0,365972222;0,144444444;0,088888889;2018;
Poland;42;6.123;1.176;1.448;0,542361111;0,379166667;0,075;0.064;2018;
Bahrain;43;6.105;1.338;1.366;0,484722222;0,4125;0,16875;0,085416667;2018;
Uzbekistan;44;6.096;0,499305556;1.584;0,420138889;0,502777778;0,227777778;0,179861111;2018;
Kuwait;45;6.083;1.474;1.301;0,46875;0,384722222;0,115972222;0,073611111;2018;
Thailand;46;6.072;1.016;1.417;0,490972222;0,442361111;0,252777778;0.029;2018;
Italy;47;6;1.264;1.501;0,656944444;0,195138889;0,095138889;0.028;2018;
Ecuador;48;5.973;0,617361111;01.33;0,511111111;0,386111111;0,079166667;00.12;2018;
Belize;49;5.956;0,560416667;1.101;0,329166667;0,411805556;0,127083333;0.089;2018;
Lithuania;50;5.952;1.197;1.527;0,497222222;00.35;0.026;0.006;2018;
Slovenia;51;5.948;1.219;1.506;0,594444444;0,439583333;00.16;0.051;2018;
Romania;52;5.945;1.116;1.219;0,504166667;0,366666667;0.088;0.001;2018;
Latvia;53;5.933;1.148;1.454;0,465972222;0,252083333;0.092;0.066;2018;
Japan;54;5.915;1.294;1.462;0,686111111;0,384027778;0.079;00.15;2018;
Mauritius;55;5.891;01.09;1.387;0,475;0,405555556;0,170138889;00.05;2018;
Jamaica;56;0,270138889;0,56875;1.493;0,48125;0,399305556;0.096;0.031;2018;
South Korea;57;5.875;1.266;1.204;0,663194444;0,169444444;0,121527778;0.051;2018;
Northern Cyprus;58;5.835;1.229;1.211;0,63125;0,34375;0,124305556;0,106944444;2018;
Russia;59;0,264583333;1.151;1.479;0,415972222;0,277083333;0.065;0.025;2018;
Kazakhstan;60;0,263194444;1.143;1.516;0,438194444;0,315277778;0,102777778;0,084027778;2018;
Cyprus;61;5.762;1.229;1.191;0,63125;0,29375;0,140277778;0.035;2018;
Bolivia;62;5.752;0,521527778;1.223;0,352777778;0,420833333;0,097916667;0.054;2018;
Estonia;63;5.739;01.02;1.532;0,511805556;0,384027778;0.086;0,120833333;2018;
Paraguay;64;5.681;0,579861111;1.522;0,427083333;0,375694444;0,1125;0.074;2018;
Peru;65;5.663;0,648611111;1.249;0,468055556;00.53;0.092;0.034;2018;
Kosovo;66;5.662;0,59375;01.23;0,401388889;0,311111111;0,190277778;0.023;2018;
Moldova;67;0,252777778;0,45625;1.301;0,043055556;0,161111111;0,11875;0;2018;
Turkmenistan;68;5.636;1.016;1.533;0,359027778;0,289583333;0,138194444;0.037;2018;
Hungary;69;0,251388889;1.171;1.401;0,508333333;0,179861111;0.061;0.022;2018;
Libya;70;5.566;0,684027778;01.35;0,384027778;0,344444444;0,080555556;0,102777778;2018;
Philippines;71;5.524;0,538194444;1.312;0,35625;0,446527778;00.12;0,072916667;2018;
Honduras;72;5.504;0,043055556;1.205;0,431944444;0,31875;0,136805556;0.074;2018;
Belarus;73;5.483;1.039;1.498;00.07;0,213194444;0,070138889;0,106944444;2018;
Turkey;74;5.483;1.148;01.38;0,476388889;0,225;0,073611111;0,075694444;2018;
Pakistan;75;5.472;0,452777778;0,05625;0,294444444;0,231944444;0,15;0,078472222;2018;
Hong Kong;76;05.43;1.405;01.29;01.03;0,363888889;0,170833333;0,202083333;2018;
Portugal;77;05.41;1.188;1.429;0,613888889;0,390277778;0.055;0.017;2018;
Serbia;78;5.398;0,677083333;1.369;0,475694444;0,2;0,093055556;0.043;2018;
Greece;79;5.358;1.154;1.202;0,610416667;0,090972222;0;0.044;2018;
Lebanon;80;5.358;0,670138889;1.179;0,545138889;0,349305556;0,148611111;0,094444444;2018;
Montenegro;81;5.347;1.017;1.279;0,50625;0,179861111;0,077083333;0.081;2018;
Croatia;82;5.321;1.115;1.161;0,511805556;00.38;00.12;0.039;2018;
Dominican Republic;83;5.302;0,681944444;1.441;0,426388889;0,401388889;00.12;0,073611111;2018;
Algeria;84;5.295;0,679861111;1.154;0,477083333;0.077;0.055;0,09375;2018;
Morocco;85;5.254;0,540972222;0,553472222;0,464583333;00.46;0.026;0.074;2018;
China;86;5.246;0,686805556;1.142;0,554861111;0,414583333;0.029;0,071527778;2018;
Azerbaijan;87;5.201;1.024;1.161;0,41875;00.43;0.031;0,122222222;2018;
Tajikistan;88;5.199;0,329166667;1.166;0,415277778;0,202777778;0,129861111;0.034;2018;
Macedonia;89;5.185;0,665972222;1.239;0,479861111;0,273611111;0,120138889;0.052;2018;
Jordan;90;5.161;0,570833333;1.265;0,447916667;0,325;00.13;0,093055556;2018;
Nigeria;91;5.155;0,478472222;1.172;0.048;0,320833333;0,139583333;0.032;2018;
Kyrgyzstan;92;5.131;00.53;1.416;0,4125;00.54;0,195138889;0.035;2018;
Bosnia and Herzegovina;93;5.129;0,635416667;1.078;0,526388889;00.28;0,15;0;2018;
Mongolia;94;5.125;0,634722222;1.517;0,399305556;0,274305556;0,175694444;0.032;2018;
Vietnam;95;5.103;0,496527778;1.365;0,4875;0,429166667;0,122916667;0.079;2018;
Indonesia;96;5.093;0,624305556;1.215;0,3625;0,373611111;0,336111111;0.018;2018;
Bhutan;97;5.082;0,552777778;1.335;0,365972222;0,375694444;0,252777778;0,11875;2018;
Somalia;98;4.982;0;0,494444444;0,079861111;0,468055556;0,165277778;0,195833333;2018;
Cameroon;99;4.975;0,371527778;0,61875;0,126388889;0,315277778;0,127083333;0.043;2018;
Bulgaria;100;4.933;1.054;1.515;0,494444444;0,249305556;0.064;0.009;2018;
Nepal;101;0,227777778;0,295138889;1.228;0,374305556;0,365277778;0,209722222;0.078;2018;
Venezuela;102;4.806;0,691666667;1.469;0,45625;0,092361111;0.056;0.052;2018;
Gabon;103;4.758;1.036;1.164;0,280555556;0,247222222;0.032;0.052;2018;
Palestinian Territories;104;4.743;0,445833333;1.217;0,418055556;0,184722222;0.086;0.076;2018;
South Africa;105;4.724;0,065277778;01.41;00.33;0,358333333;0,071527778;0.056;2018;
Iran;106;4.707;1.059;0,535416667;0,479861111;0,31875;0,195833333;0,089583333;2018;
Ivory Coast;107;4.671;0,375694444;0,605555556;00.08;0,324305556;0,101388889;0,071527778;2018;
Ghana;108;4.657;0,411111111;0,622222222;0,234027778;0,346527778;0,147222222;0.029;2018;
Senegal;109;4.631;0,297916667;1.117;0,300694444;0,281944444;0,095833333;0.082;2018;
Laos;110;4.623;0,05;1.034;0,30625;0,434722222;00.23;0,120833333;2018;
Tunisia;111;4.592;00.09;0,629166667;0,047916667;0,188194444;00.04;0.063;2018;
Albania;112;4.586;0,636111111;0,567361111;0,054861111;0,290972222;0,103472222;0.032;2018;
Sierra Leone;113;4.571;0,177777778;0,564583333;0;0,246527778;0,165277778;0.053;2018;
Congo (Brazzaville);114;4.559;0,473611111;0,563194444;0,238194444;0,356944444;0.091;0.077;2018;
Bangladesh;115;04.05;0,369444444;0,059027778;0,402083333;00.58;0,10625;0,1;2018;
Sri Lanka;116;4.471;0,6375;1.314;0,466666667;0,40625;0,213194444;00.05;2018;
Iraq;117;4.456;01.01;0,674305556;0,372222222;0,211111111;0,102777778;0.095;2018;
Mali;118;4.447;00.37;1.233;0,105555556;0,254861111;0,096527778;0.056;2018;
Namibia;119;4.441;0,606944444;1.281;0,253472222;0,360416667;0.051;0.064;2018;
Cambodia;120;4.433;0,38125;1.088;0,317361111;0,483333333;0,177777778;0.065;2018;
Burkina Faso;121;4.424;0,218055556;1.097;0,176388889;0,216666667;0,121527778;0,088888889;2018;
Egypt;122;4.419;0,614583333;1.025;0,384027778;0,216666667;0.092;0,074305556;2018;
Mozambique;123;4.417;0,1375;0,626388889;0,120138889;0,36875;0,143055556;0,109722222;2018;
Kenya;124;04.41;0,342361111;1.048;0,315277778;0,35;0,244444444;0.055;2018;
Zambia;125;4.377;0,390277778;1.047;0,204861111;0,349305556;0,153472222;0.082;2018;
Mauritania;126;4.356;0,386805556;1.245;0,202777778;0,089583333;0,093055556;0.093;2018;
Ethiopia;127;04.35;0,213888889;0,065972222;0,271527778;0,313888889;00.22;0,101388889;2018;
Georgia;128;04.34;0,592361111;0,411111111;0,446527778;0,260416667;0.038;0,149305556;2018;
Armenia;129;4.321;0,566666667;0,06875;0,4625;00.26;0.077;0.028;2018;
Myanmar;130;4.308;0,473611111;1.174;0,297916667;00.58;0,415277778;0,123611111;2018;
Chad;131;4.301;0,248611111;0,629861111;0.053;0,13125;0,125694444;00.06;2018;
Congo (Kinshasa);132;4.245;0.069;1.136;0,141666667;0,216666667;0,136805556;0.052;2018;
India;133;04.19;0,500694444;0,51875;0,336805556;0,374305556;0,119444444;0.093;2018;
Niger;134;4.166;0,090972222;0,602083333;0,153472222;00.39;0,121527778;0.099;2018;
Uganda;135;4.161;0,223611111;01.09;0,164583333;00.45;0,179861111;0.061;2018;
Benin;136;4.141;0,2625;0,258333333;00.24;00.44;0,113194444;0.067;2018;
Sudan;137;4.139;0,420138889;01.24;0,216666667;0.016;0,093055556;0.082;2018;
Ukraine;138;4.103;0,550694444;1.413;0,422916667;0,113194444;0,129861111;0.011;2018;
Togo;139;3.999;0,179861111;0,329166667;0,175694444;0,301388889;0,109722222;0,070138889;2018;
Guinea;140;3.964;0,238888889;0,55;0,146527778;0,273611111;0,128472222;0.094;2018;
Lesotho;141;3.808;0,327777778;1.215;0.079;0,29375;0,080555556;0,077777778;2018;
Angola;142;3.795;0,050694444;1.125;0,186805556;0;0.079;0.061;2018;
Madagascar;143;3.774;0,181944444;0,630555556;0,279166667;0,153472222;0,107638889;0.049;2018;
Zimbabwe;144;3.692;0,247916667;1.094;0,172222222;0,281944444;0,091666667;0.099;2018;
Afghanistan;145;3.632;0,230555556;0,372916667;0,177083333;0.085;0,132638889;0.036;2018;
Botswana;146;03.59;1.017;1.174;0,289583333;0,386805556;0.042;0.092;2018;
Malawi;147;3.587;0,129166667;0,375694444;0,2125;0,36875;00.21;00.08;2018;
Haiti;148;3.582;0,21875;0,495833333;0,200694444;0.025;0,272222222;0,072222222;2018;
Liberia;149;3.495;0.076;0,595833333;0,185416667;0,290972222;0,143055556;00.03;2018;
Syria;150;3.462;0,478472222;0,265277778;0,374305556;0.088;0,261111111;0,1;2018;
Rwanda;151;3.408;0,230555556;0,622222222;00.04;0,441666667;00.02;0,308333333;2018;
Yemen;152;3.355;0,306944444;1.073;0,238194444;0,169444444;0.083;0.064;2018;
Tanzania;153;3.303;0,315972222;0,688194444;0,264583333;0,334027778;00.27;0.097;2018;
South Sudan;154;3.254;0,234027778;0,422222222;0,122916667;0,077777778;0,155555556;0,073611111;2018;
Central African Republic;155;3.083;0.024;0;00.01;0,211805556;0,151388889;0.038;2018;
Burundi;156;2.905;0.091;0,435416667;0,100694444;0.065;0,103472222;0.076;2018;
Finland;1;7.769;01.34;1.587;0,684722222;0,413888889;0,10625;0,272916667;2019;
Denmark;2;07.06;1.383;1.573;0,691666667;0,411111111;0,175;00.41;2019;
Norway;3;7.554;1.488;1.582;1.028;0,41875;0,188194444;0,236805556;2019;
Iceland;4;7.494;01.38;1.624;1.026;0,410416667;0,245833333;0,081944444;2019;
Netherlands;5;7.488;1.396;1.522;0,69375;0,386805556;0,223611111;0,206944444;2019;
Switzerland;6;07.48;1.452;1.526;1.052;0,397222222;0,182638889;0,238194444;2019;
Sweden;7;7.343;1.387;1.487;1.009;0,398611111;0,185416667;0,259027778;2019;
New Zealand;8;7.307;1.303;1.557;1.026;0,40625;00.33;00.38;2019;
Canada;9;7.278;1.365;1.505;1.039;0,405555556;0,197916667;0,213888889;2019;
Austria;10;7.246;1.376;1.475;1.016;0,369444444;0,169444444;0,156944444;2019;
Australia;11;7.228;1.372;1.548;1.036;0,386805556;0,230555556;00.29;2019;
Costa Rica;12;7.167;1.034;1.441;0,66875;0,3875;0,1;0.093;2019;
Israel;13;7.139;1.276;1.455;1.029;0,257638889;0,18125;0.082;2019;
Luxembourg;14;07.09;1.609;1.479;1.012;0,365277778;0,134722222;0,219444444;2019;
United Kingdom;15;7.054;1.333;1.538;0,691666667;00.45;0,241666667;0,193055556;2019;
Ireland;16;7.021;1.499;1.553;0,69375;0,358333333;0,206944444;00.31;2019;
Germany;17;6.985;1.373;1.454;0,685416667;0,34375;0,18125;0,184027778;2019;
Belgium;18;6.923;1.356;1.504;0,684722222;0,328472222;00.16;00.21;2019;
United States;19;6.892;1.433;1.457;0,606944444;0,315277778;00.28;0,088888889;2019;
Czech Republic;20;6.852;1.269;1.487;0,063888889;0,317361111;0.046;0.036;2019;
United Arab Emirates;21;6.825;1.503;01.31;0,572916667;0,415277778;0,181944444;0,126388889;2019;
Malta;22;6.726;01.03;01.52;0,69375;0,391666667;0,260416667;0,104861111;2019;
Mexico;23;6.595;01.07;1.323;0,597916667;0,300694444;0.074;0.073;2019;
France;24;6.592;1.324;1.472;1.045;0,302777778;0,077083333;0,127083333;2019;
Taiwan;25;6.446;1.368;01.43;0,634722222;0,24375;0,168055556;0.097;2019;
Chile;26;6.444;1.159;1.369;0,063888889;0,247916667;0,129861111;0.056;2019;
Guatemala;27;6.436;00.08;1.269;0,518055556;0,371527778;0,121527778;0.078;2019;
Saudi Arabia;28;6.375;1.403;1.357;0,552083333;0,304861111;00.08;0,091666667;2019;
Qatar;29;6.374;1.684;1.313;0,604861111;0,385416667;00.22;0,115972222;2019;
Spain;30;6.354;1.286;1.484;1.062;0,251388889;0,10625;0.079;2019;
Panama;31;6.321;1.149;1.442;0,063194444;0,358333333;0,075694444;0.054;2019;
Brazil;32;06.03;1.004;1.439;0,556944444;00.39;0.099;0.086;2019;
Uruguay;33;6.293;1.124;1.465;0,61875;0,363194444;0,088194444;00.15;2019;
Singapore;34;6.262;1.572;1.463;1.141;0,386111111;0,188194444;0,314583333;2019;
El Salvador;35;6.253;0,551388889;1.242;0,547916667;00.43;0.093;0.074;2019;
Italy;36;6.223;1.294;1.488;1.039;0,160416667;0,109722222;00.03;2019;
Bahrain;37;6.199;1.362;1.368;0,604861111;0,372222222;0,177083333;00.11;2019;
Slovakia;38;6.198;1.246;1.504;0,611805556;0,231944444;0,084027778;0.014;2019;
Trinidad & Tobago;39;6.192;1.231;1.477;0,495138889;0,339583333;0,128472222;0.016;2019;
Poland;40;6.182;1.206;1.438;0,613888889;0,335416667;0,08125;00.05;2019;
Uzbekistan;41;6.174;0,517361111;1.529;0,525;0,438194444;0,223611111;00.24;2019;
Lithuania;42;6.149;1.238;1.515;0,568055556;0,202083333;0.043;0.042;2019;
Colombia;43;6.125;0,684027778;01.41;0,584027778;00.47;0.099;0.034;2019;
Slovenia;44;6.118;1.258;1.523;0,661805556;0,391666667;0,1;0.057;2019;
Nicaragua;45;6.105;0,481944444;1.325;0,579861111;0,302083333;00.02;0,088194444;2019;
Kosovo;46;06.01;0,6125;1.232;0,526388889;0,339583333;0,181944444;0.006;2019;
Argentina;47;6.086;1.092;1.432;0,611805556;0,327083333;0.066;00.05;2019;
Romania;48;06.07;1.162;1.232;0,572916667;0,320833333;0.083;0.005;2019;
Cyprus;49;6.046;1.263;1.223;1.042;0,281944444;00.19;0.041;2019;
Ecuador;50;6.028;0,633333333;1.312;0,602777778;0,345833333;0,0875;0.087;2019;
Kuwait;51;6.021;01.05;1.319;0,561111111;0,342361111;0,098611111;0.097;2019;
Thailand;52;6.008;01.05;1.409;0,575;0,386805556;0,249305556;0.028;2019;
Latvia;53;0,273611111;1.187;1.465;0,563888889;0,183333333;0.075;0.064;2019;
South Korea;54;5.895;1.301;1.219;1.036;0,110416667;0,121527778;0.056;2019;
Estonia;55;5.893;1.237;1.528;0,606944444;0,34375;0,071527778;0,111805556;2019;
Jamaica;56;0,270138889;0,577083333;1.478;0,577083333;00.49;0,074305556;0.028;2019;
Mauritius;57;5.888;01.12;1.402;0,554166667;0,345833333;0,149305556;00.06;2019;
Japan;58;5.886;1.327;1.419;1.088;0,309027778;0.069;00.14;2019;
Honduras;59;0,268055556;0,445833333;1.236;0,575;0,352083333;0,170833333;0.078;2019;
Kazakhstan;60;5.809;1.173;1.508;0,50625;00.41;0,101388889;0.096;2019;
Bolivia;61;5.779;0,538888889;1.209;0,490277778;0,354861111;0,095138889;0.064;2019;
Hungary;62;5.758;1.201;01.41;0,575;0,138194444;0.081;00.02;2019;
Paraguay;63;5.743;0,59375;1.475;0,539583333;0,356944444;0,127777778;00.08;2019;
Northern Cyprus;64;5.718;1.263;1.252;1.042;0,289583333;0,132638889;0,1125;2019;
Peru;65;5.697;0,066666667;1.274;0,593055556;0,315972222;0.083;0.027;2019;
Portugal;66;5.693;1.221;1.431;0,69375;0,352777778;0.047;0.025;2019;
Pakistan;67;5.653;0,470138889;0,615277778;0,371527778;0,217361111;00.22;0.098;2019;
Russia;68;5.648;1.183;1.452;0,504166667;0,231944444;0.082;0.031;2019;
Philippines;69;5.631;0,560416667;1.293;0,45625;0,3875;0,08125;0,074305556;2019;
Serbia;70;5.603;1.004;1.383;0,593055556;0,195833333;0,095138889;0.039;2019;
Moldova;71;5.529;0,475694444;1.328;0,513194444;0,170138889;0,125694444;0;2019;
Libya;72;5.525;1.044;1.303;0,467361111;0,288888889;0,092361111;0,105555556;2019;
Montenegro;73;5.523;1.051;1.361;0,604861111;0,136805556;0,098611111;00.08;2019;
Tajikistan;74;5.467;0,342361111;1.098;0,498611111;0,270138889;00.23;0,1;2019;
Croatia;75;5.432;1.155;1.266;0,634722222;0,205555556;0,082638889;0.022;2019;
Hong Kong;76;05.43;1.438;1.277;1.122;00.44;0,179166667;0,199305556;2019;
Dominican Republic;77;5.425;1.015;1.401;0,540972222;0,345138889;0,078472222;0,070138889;2019;
Bosnia and Herzegovina;78;5.386;0,65625;1.212;0,586805556;0,147222222;0,182638889;0.006;2019;
Turkey;79;5.373;1.183;01.36;0,561111111;0,135416667;0.083;0,073611111;2019;
Malaysia;80;5.339;1.221;1.171;0,575;0,352777778;00.26;0.024;2019;
Belarus;81;5.323;1.067;1.465;0,547916667;0,163194444;0.094;0,098611111;2019;
Greece;82;5.287;1.181;1.156;0,69375;0.067;0;0.034;2019;
Mongolia;83;5.285;0,658333333;1.531;0,463194444;0,220138889;0,163194444;0.038;2019;
North Macedonia;84;5.274;0,682638889;1.294;0,581944444;0,239583333;0,128472222;0.034;2019;
Nigeria;85;5.265;0,483333333;1.111;0,170138889;0,295833333;0,149305556;0.041;2019;
Kyrgyzstan;86;5.261;0,382638889;1.438;0,502083333;0,352777778;00.03;0.023;2019;
Turkmenistan;87;5.247;1.052;1.538;0,45625;0,273611111;0,169444444;0.028;2019;
Algeria;88;5.211;1.002;01.16;0,545138889;0.086;0.073;0,079166667;2019;
Morocco;89;5.208;0,55625;0,543055556;0,543055556;0,290277778;0.036;0.076;2019;
Azerbaijan;90;5.208;1.043;1.147;0,534027778;0,24375;0.035;0,126388889;2019;
Lebanon;91;5.197;0,685416667;1.224;0,565972222;0,15;0,115277778;0.027;2019;
Indonesia;92;5.192;0,646527778;1.203;0,045833333;0,340972222;0,345833333;0.028;2019;
China;93;5.191;1.029;1.125;0,620138889;0,361805556;0.058;00.01;2019;
Vietnam;94;5.175;0,514583333;1.346;0,590972222;0,377083333;0,102083333;0.073;2019;
Bhutan;95;5.082;0,564583333;1.321;0,419444444;0,317361111;00.37;0,115972222;2019;
Cameroon;96;5.044;0,38125;0,063194444;0,229861111;0,264583333;0,129861111;0.037;2019;
Bulgaria;97;5.011;1.092;1.513;0,565972222;0,215972222;0.081;0.004;2019;
Ghana;98;4.996;0,424305556;0,602777778;0,3375;0,264583333;0,170138889;00.04;2019;
Ivory Coast;99;4.944;0,395138889;0,561111111;0,161111111;0,244444444;0,106944444;00.09;2019;
Nepal;100;4.913;0,309722222;1.226;0,470138889;0,304861111;0,197916667;0.089;2019;
Jordan;101;4.906;0,58125;1.225;0,565972222;0,265972222;00.11;00.13;2019;
Benin;102;4.883;0,272916667;0,303472222;0,275694444;0,242361111;0,121527778;0.082;2019;
Congo (Brazzaville);103;4.812;0,467361111;0,554861111;0,352777778;0,258333333;0,072916667;0.093;2019;
Gabon;104;4.799;1.057;1.183;0,396527778;0,204861111;0.043;0.055;2019;
Laos;105;4.796;0,530555556;01.03;0,382638889;0,379861111;0,184722222;0,113888889;2019;
South Africa;106;4.722;0,066666667;1.351;0,325694444;0,270138889;00.13;0.055;2019;
Albania;107;4.719;0,657638889;0,588888889;0,606944444;0,265972222;0,123611111;0.027;2019;
Venezuela;108;4.707;0,066666667;1.427;0,559027778;0,106944444;0.064;0.047;2019;
Cambodia;109;04.07;0,398611111;1.122;0,442361111;0,422916667;0,161111111;0.062;2019;
Palestinian Territories;110;4.696;0,45625;1.247;0,466666667;0,15625;0,071527778;0.066;2019;
Senegal;111;4.681;00.45;1.134;0,396527778;0,202777778;0,10625;0.072;2019;
Somalia;112;4.668;0;0,484722222;0,186111111;0,388194444;0,16875;00.27;2019;
Namibia;113;4.639;0,610416667;1.313;0,33125;0,278472222;00.07;0.056;2019;
Niger;114;4.628;0,095833333;0,5375;0,254166667;0,220833333;0,130555556;0,070833333;2019;
Burkina Faso;115;4.587;0,229861111;1.056;00.38;0,177083333;0,122916667;0,078472222;2019;
Armenia;116;4.559;0,059027778;1.055;0,565972222;0,196527778;0.095;0.064;2019;
Iran;117;4.548;01.01;0,584722222;0,545138889;0,211805556;00.27;0,086805556;2019;
Guinea;118;4.534;00.38;0,575694444;0,260416667;0,230555556;0,14375;0.086;2019;
Georgia;119;4.519;0,615277778;0,4625;0,522222222;0,240277778;0.043;0,113888889;2019;
Gambia;120;4.516;0,213888889;0,652083333;0,297222222;0,265277778;0,186805556;0,115972222;2019;
Kenya;121;4.509;0,355555556;0,682638889;0,403472222;0,299305556;0,258333333;0.053;2019;
Mauritania;122;04.49;00.57;1.167;0,339583333;0.066;0,073611111;0.088;2019;
Mozambique;123;4.466;0,141666667;0,684722222;00.39;0,343055556;0,136805556;0,095833333;2019;
Tunisia;124;4.461;0,639583333;1;0,565972222;0,115972222;0.059;0.055;2019;
Bangladesh;125;4.456;0,390277778;0,644444444;0,502083333;0,365972222;0,115277778;0,099305556;2019;
Iraq;126;4.437;1.043;0,068055556;0,398611111;0,167361111;0,102777778;0.089;2019;
Congo (Kinshasa);127;4.418;0.094;1.125;0,247916667;0,186805556;0,147222222;0.053;2019;
Mali;128;04.39;0,267361111;1.105;0,213888889;0,227083333;0,10625;0.052;2019;
Sierra Leone;129;4.374;0,186111111;0,584027778;0,168055556;0,214583333;0,175;0.045;2019;
Sri Lanka;130;4.366;0,659027778;1.265;0,577083333;00.47;0,169444444;0.047;2019;
Myanmar;131;04.36;0,049305556;1.181;0,385416667;0,364583333;0,393055556;0,119444444;2019;
Chad;132;04.35;00.35;0,531944444;0,133333333;0,120833333;0,1375;0.078;2019;
Ukraine;133;4.332;0,056944444;01.39;0,513194444;0,123611111;0,129861111;00.01;2019;
Ethiopia;134;4.286;0,233333333;1.033;0,369444444;0,238888889;0,145138889;00.01;2019;
Swaziland;135;4.212;0,563194444;1.149;0;0,217361111;0.074;0,09375;2019;
Uganda;136;4.189;0,230555556;1.069;0,307638889;0,247222222;0,175;00.06;2019;
Egypt;137;4.166;0,634027778;1.039;0,447222222;0,167361111;0.076;0.067;2019;
Zambia;138;4.107;0,401388889;1.058;0,295833333;0,299305556;0,171527778;0.087;2019;
Togo;139;4.085;0,190972222;0,397222222;00.41;0,203472222;0,122916667;0.085;2019;
India;140;4.015;0,524305556;0,53125;0,408333333;0,345833333;00.02;0.085;2019;
Liberia;141;3.975;0.073;0,640277778;0,307638889;00.37;0,161805556;0.033;2019;
Comoros;142;3.973;0,190277778;0,525694444;0,350694444;0,098611111;0,190972222;0.078;2019;
Madagascar;143;3.933;0,190277778;0,636111111;0,385416667;0,102777778;0,117361111;0.041;2019;
Lesotho;144;3.802;0,339583333;1.169;0,116666667;0,249305556;0,074305556;0.093;2019;
Burundi;145;3.775;0.046;0,310416667;00.38;00.22;0,122222222;00.18;2019;
Zimbabwe;146;3.663;0,254166667;1.114;0,300694444;0,250694444;0,104861111;0.089;2019;
Haiti;147;3.597;0,224305556;0,477777778;0,311805556;0.026;0,290972222;00.11;2019;
Botswana;148;3.488;1.041;1.145;0,373611111;0,315972222;0.025;00.01;2019;
Syria;149;3.462;0,429861111;0,2625;00.44;0.013;0,229861111;0,097916667;2019;
Malawi;150;03.41;0,132638889;00.56;0,34375;0,307638889;0,151388889;0.089;2019;
Yemen;151;03.38;0,199305556;1.163;0,321527778;0,099305556;0,075;0.077;2019;
Rwanda;152;3.334;0,249305556;0,49375;0,426388889;0,385416667;0,150694444;0,285416667;2019;
Tanzania;153;3.231;0,330555556;0,614583333;0,346527778;0,289583333;0,191666667;0,102083333;2019;
Afghanistan;154;3.203;00.35;0,359027778;0,250694444;0;0,109722222;0.025;2019;
Central African Republic;155;3.083;0.026;0;0,072916667;0,15625;0,163194444;0.035;2019;
South Sudan;156;2.853;0,2125;0,399305556;0,204861111;00.01;0,140277778;0.091;2019;